EV케어 프로그램이란 무엇인가요?|기아 EV를 구매한 기아멤버스 회원이시라면 EV스타일케어, EV세이프티 케어에 가입하실 수 있습니다.
Kia EV 그린패스 요즘에는 어떤 서비스인가요?|"멤버십 월 구독료는 매월 1일 정기 자동 결제됩니다.
광고성 정보 수신 동의 확인 문자/이메일을 받았습니다.|기아차량 보유 고객 중 광고성 정보 수신에 동의하신 고객님께 수신동의 여부를 확인하는 메시지 입니다.
기아 전기차 구매시 보조금은 어떻게 되나요?|전기차 보조금은 전기차를 구매할 때 정부와 지자체에서 정한 전기자동차 보조금 지원대상 자동차를 신규로 구매해 국내에 등록할 경우 보조금을 지급하는 제도입니다.
All-new Niro EV에 적용된 특화 기술은 어떤 게 있나요?|The All-new Niro EV에는 경제성과 편의성을 높이는 다양한 EV 특화 기술이 적용되어 있습니다.
"내 차 관리를 위한 필수 앱, MyKia는 어떤 서비스 인가요?"|"나만의 꼼꼼한 개인비서, 더욱 강화된 개인화 서비스"
기아 표준 서비스 용품이 무엇인가요?|"기아는 이면 할인 판매 및 과다 서비스 용품 제공 행위를 금지하고, 공정한 판매 실천과 고객님께 최고의 서비스를 제공해 드리고자 차량 구입 시 표준 서비스 용품을 드리고 있습니다."
시승 신청은 어떻게 해야 하나요?|기아는 시승체험 편의 고객만족을 위해 다양한 시승서비스를 제공하고 있습니다. 고객님께서 희망하시는 가까운 센터에서 최고의 서비스를 직접 만나실 수 있습니다. 
기아 통합 계정이 무엇인가요?|"기아 통합 계정은, 기아닷컴 / 기아멤버스 홈페이지 / MyKia 모바일 앱 / 기아 디지털키 / Kia Connect 등 기아에서 제공하는 서비스를 사용하기 위한 계정으로, 하나의 ID로 모든 서비스를 이용할 수 있습니다."
상승 내장탑차가 무엇인가요?|"상승 내장탑차는 단, 1대로 저상형에서 플러스형 높이까지 조절이 가능한 탑차입니다. "
